Designator,Val,Package,Mid X,Mid Y,Rotation,Layer
AC1,BNO085,BNO085,118.15,-109.78,0,top
C2,2.2uF,C_0805_2012Metric,152.85,-98.62,0,top
C3,0.1uF,C_0402_1005Metric,120.35,-132.17,90,top
C4,10uF,C_0805_2012Metric,149.68,-104.6,0,top
C5,2.2uF,C_0805_2012Metric,119.14,-135.96,0,top
C6,10uF,C_0805_2012Metric,122.28,-131.36,90,top
C12,0.1uF,C_0402_1005Metric,148.54,-99.15,0,top
C14,0.1uF,C_0402_1005Metric,115.36,-108.445,-90,top
C15,10pF,C_0402_1005Metric,123.19,-107.73,90,top
C16,10pF,C_0402_1005Metric,123.19,-109.595,-90,top
C17,22uF,C_0805_2012Metric,94.69,-111.6175,90,top
C18,0.1uF,C_0402_1005Metric,93.21,-111.97,90,top
C22,0.1uF,C_0402_1005Metric,97,-131.815,180,top
C23,0.1uF,C_0402_1005Metric,97.01,-132.81,180,top
C24,1000pF,C_0402_1005Metric,153.955,-103.71,0,top
C25,100pF,C_0402_1005Metric,155.908766,-102.7575,180,top
C26,10nF,C_0402_1005Metric,157.38,-103.235,-90,top
C27,1uF,C_0402_1005Metric,158.943766,-104.815,-90,top
C28,4.7uF,C_0402_1005Metric,162.355,-104.35,0,top
C29,470nF,C_0402_1005Metric,163.18,-101.90028,-90,top
C30,10uF,C_1206_3216Metric,156.72914,-111.60208,-90,top
C31,47uF,C_1206_3216Metric,158.98,-111.6,-90,top
C32,10uF,C_1206_3216Metric,154.4897,-111.6006,-90,top
C33,100uF,C_1210_3225Metric,137.6316,-86.4676,90,top
C34,47uF,C_1206_3216Metric,152.23,-111.59,-90,top
C35,100uF,C_1210_3225Metric,140.77,-86.47,90,top
C36,1uF,C_0402_1005Metric,142.93,-86.565,90,top
D1,LED,LED_0603_1608Metric,116.9125,-122.6,180,top
D2,LED,LED_0603_1608Metric,167.04,-85.4025,-90,top
D3,LED,LED_0603_1608Metric,141.57313,-131.08,0,top
D4,DIODE,D_SOD-123F,148.34,-107.89,90,top
D5,DIODE,D_SOD-123F,124.48,-131.87,-90,top
D6,LED,LED_0603_1608Metric,84.404634,-136.03,180,top
D7,D_TVS,D_SOD-523,108.4288,-128.94,180,top
D8,D_TVS,D_SOD-523,110.98,-128.94,0,top
D9,LED,LED_0603_1608Metric,70.4,-90.85,0,top
D10,LED,LED_0603_1608Metric,70.64,-127.39,0,top
D11,LED,LED_0603_1608Metric,135.5975,-126.62,180,top
D12,LED,LED_0603_1608Metric,128.7668,-94.0579,-90,top
D13,LED,LED_0603_1608Metric,79.494634,-135.98,0,top
F1,Fuse,0154.250DR,143.275,-134.54,180,top
F2,Fuse,0154.250DR,75.6312,-94.316,0,top
F3,Fuse,0154.250DR,75.7074,-123.9324,0,top
F4,Fuse,0154.250DR,135.665,-123.35,0,top
F5,Fuse,0154.250DR,136,-94,0,top
F6,Fuse,Fuse_1206_3216Metric,147.21,-111.32,0,top
F7,Fuse,Fuse_1206_3216Metric,122.58,-128.38,0,top
IC1,LMR14010A,SOT-23-6,150.79,-101.63,90,top
IC2,LMR14010A,SOT-23-6,117.9,-132.81,-90,top
IC3,TPS40192DRCT-TPS40192DRCT,VSON-10-1EP_3x3mm_P0.5mm_EP1.2x2mm,160.243766,-102.05,0,top
IC4,ESP32-S3-MINI-1-N8,ESP32S3MINI1N8,104.53,-114.77,0,top
J1,BATT_SERIAL,JST_PH_B2B-PH-SM4-TB_1x02-1MP_P2.00mm_Vertical,162.5,-121.5,-90,top
J3,Conn_01x03_Male,PinHeader_1x03_P2.54mm_Vertical,151.51,-130.49,0,top
J4,Conn_01x03_Male,PinHeader_1x03_P2.54mm_Vertical,156.61,-130.49,0,top
J5,Conn_01x03_Male,PinHeader_1x03_P2.54mm_Vertical,154.07,-130.49,0,top
J6,Conn_01x03_Male,PinHeader_1x03_P2.54mm_Vertical,159.16,-130.49,0,top
J8,USB_C_Receptacle,C167321,110.358846,-133.05,0,top
J9,Conn_01x03_Male,PinHeader_1x03_P2.54mm_Vertical,75.0977,-99.142,-90,top
J10,Conn_01x03_Male,PinHeader_1x03_P2.54mm_Vertical,129.9936,-118.9948,90,top
J11,Conn_01x03_Male,PinHeader_1x03_P2.54mm_Vertical,75.0977,-101.682,-90,top
J12,Conn_01x03_Male,PinHeader_1x03_P2.54mm_Vertical,129.9936,-116.4548,90,top
J13,Conn_01x03_Male,PinHeader_1x03_P2.54mm_Vertical,75.1227,-104.222,-90,top
J14,Conn_01x03_Male,PinHeader_1x03_P2.54mm_Vertical,129.9936,-113.9148,90,top
J15,Conn_01x03_Male,PinHeader_1x03_P2.54mm_Vertical,75.1227,-106.762,-90,top
J16,Conn_01x03_Male,PinHeader_1x03_P2.54mm_Vertical,129.9936,-111.3748,90,top
J17,Conn_01x03_Male,PinHeader_1x03_P2.54mm_Vertical,75.1214,-111.4864,-90,top
J18,Conn_01x03_Male,PinHeader_1x03_P2.54mm_Vertical,130.0228,-106.0088,90,top
J19,Conn_01x03_Male,PinHeader_1x03_P2.54mm_Vertical,75.1214,-114.0264,-90,top
J20,Conn_01x03_Male,PinHeader_1x03_P2.54mm_Vertical,130.0228,-103.4688,90,top
J21,Conn_01x03_Male,PinHeader_1x03_P2.54mm_Vertical,75.1214,-116.5664,-90,top
J22,Conn_01x03_Male,PinHeader_1x03_P2.54mm_Vertical,130.0228,-100.9288,90,top
J23,Conn_01x03_Male,PinHeader_1x03_P2.54mm_Vertical,75.0814,-119.1064,-90,top
J24,Conn_01x03_Male,PinHeader_1x03_P2.54mm_Vertical,130.0228,-98.3888,90,top
J25,Conn_01x02_Female,XT-60_male,163.79,-111.59,-90,top
L1,10uH,L_0805_2012Metric,148.07,-101.5875,-90,top
L2,10uH,L_0805_2012Metric,121.5075,-134,0,top
L3,1uH,L_Bourns_SRP1245A,150.9,-89.1,180,top
Q2,BUK9M17-30EX / BUK7M10-40E,VSON-8_3.3x3.3mm_P0.65mm_NexFET,162.043766,-98.05,0,top
Q3,BUK9M17-30EX / BUK7M10-40E,VSON-8_3.3x3.3mm_P0.65mm_NexFET,158.033766,-98.06,0,top
R1,330R,R_0402_1005Metric,114.4125,-122.6,0,top
R2,10K,R_0402_1005Metric,150.24338,-111.530806,-90,top
R3,2.4K,R_0402_1005Metric,150.25,-113.5,-90,top
R4,10K,R_0402_1005Metric,88.125,-130.755,0,top
R5,8.2K,R_0402_1005Metric,89.995,-130.745,0,top
R6,120K,R_0402_1005Metric,167,-87.83,90,top
R7,10K,R_0402_1005Metric,145.96063,-131.33,180,top
R8,8.2K,R_0402_1005Metric,145.96063,-130.38,0,top
R9,20K,R_0402_1005Metric,144.02063,-131.33,180,top
R10,10K,R_0402_1005Metric,152.51,-106.15,180,top
R11,33.2,R_0402_1005Metric,117.42,-129.32,180,top
R12,33.2,R_0402_1005Metric,150.59,-106.15,0,top
R13,10K,R_0402_1005Metric,117.38,-130.36,180,top
R14,5.1K,R_0402_1005Metric,103.865,-131.625,0,top
R15,10K,R_0402_1005Metric,115.39,-110.58,90,top
R16,330R,R_0402_1005Metric,84.514634,-134.74,180,top
R17,10K,R_0402_1005Metric,118.045,-106.41,180,top
R18,5.1K,R_0402_1005Metric,103.865,-132.65,0,top
R19,10K,R_0402_1005Metric,118.365,-113.14,180,top
R20,10K,R_0402_1005Metric,120.88,-112.685,-90,top
R23,10K,R_0402_1005Metric,98.46,-132.34,90,top
R24,10K,R_0402_1005Metric,74.775,-90.86,0,top
R25,8.2K,R_0402_1005Metric,74.775,-89.93,180,top
R26,20K,R_0402_1005Metric,72.865,-90.85,180,top
R27,10K,R_0402_1005Metric,72.074,-109.2,180,top
R28,8.2K,R_0402_1005Metric,70.215,-109.2,180,top
R29,20K,R_0402_1005Metric,73.115,-127.13,180,top
R30,10K,R_0402_1005Metric,131.07,-126.62,180,top
R31,8.2K,R_0402_1005Metric,129.43,-125.385,90,top
R32,20K,R_0402_1005Metric,133.0464,-126.6232,0,top
R33,10K,R_0402_1005Metric,132.09,-108.49,180,top
R34,8.2K,R_0402_1005Metric,130.225,-108.49,180,top
R35,20K,R_0402_1005Metric,130.0368,-94.3602,-90,top
R36,2.18k,R_0402_1005Metric,154.45,-102.235,90,top
R37,20k,R_0402_1005Metric,153.44,-102.235,-90,top
R38,2.61k,R_0402_1005Metric,155.9,-103.76,180,top
R39,4.22k,R_0402_1005Metric,156.865,-104.76,180,top
R40,12k,R_0402_1005Metric,155.908486,-101.76,180,top
R41,100k,R_0402_1005Metric,160.393766,-104.35,180,top
R42,100k,R_0402_1005Metric,164.188527,-101.9,-90,top
R43,1K,R_0402_1005Metric,79.714634,-134.69,0,top
SW1,SW_SPST,SW_SPST_EVQPE1,92.6,-135.41,0,top
SW2,SW_SPST,SW_SPST_EVQPE1,100.57,-135.42,180,top
Y1,32.768kHz,Crystal_SMD_2012-2Pin_2.0x1.2mm,121.412,-108.69,-90,top
